Node,Label,Network,Hemisphere,Region,Parcel ID
1,7Networks_LH_Vis_1,7Networks,LH,Vis,1
2,7Networks_LH_Vis_2,7Networks,LH,Vis,2
3,7Networks_LH_Vis_3,7Networks,LH,Vis,3
4,7Networks_LH_Vis_4,7Networks,LH,Vis,4
5,7Networks_LH_Vis_5,7Networks,LH,Vis,5
6,7Networks_LH_Vis_6,7Networks,LH,Vis,6
7,7Networks_LH_Vis_7,7Networks,LH,Vis,7
8,7Networks_LH_Vis_9,7Networks,LH,Vis,9
9,7Networks_LH_Vis_10,7Networks,LH,Vis,10
10,7Networks_LH_Vis_11,7Networks,LH,Vis,11
11,7Networks_LH_Vis_12,7Networks,LH,Vis,12
12,7Networks_LH_Vis_13,7Networks,LH,Vis,13
13,7Networks_LH_Vis_17,7Networks,LH,Vis,17
14,7Networks_LH_Vis_18,7Networks,LH,Vis,18
15,7Networks_LH_Vis_19,7Networks,LH,Vis,19
16,7Networks_LH_Vis_20,7Networks,LH,Vis,20
17,7Networks_LH_Vis_21,7Networks,LH,Vis,21
18,7Networks_LH_Vis_22,7Networks,LH,Vis,22
19,7Networks_LH_Vis_25,7Networks,LH,Vis,25
20,7Networks_LH_Vis_28,7Networks,LH,Vis,28
21,7Networks_LH_Vis_29,7Networks,LH,Vis,29
22,7Networks_LH_Vis_31,7Networks,LH,Vis,31
23,7Networks_LH_Vis_32,7Networks,LH,Vis,32
24,7Networks_LH_Vis_33,7Networks,LH,Vis,33
25,7Networks_LH_Vis_37,7Networks,LH,Vis,37
26,7Networks_LH_Vis_38,7Networks,LH,Vis,38
27,7Networks_LH_Vis_39,7Networks,LH,Vis,39
28,7Networks_LH_Vis_40,7Networks,LH,Vis,40
29,7Networks_LH_Vis_41,7Networks,LH,Vis,41
30,7Networks_LH_Vis_43,7Networks,LH,Vis,43
31,7Networks_LH_Vis_44,7Networks,LH,Vis,44
32,7Networks_LH_SomMot_1,7Networks,LH,SomMot,1
33,7Networks_LH_SomMot_2,7Networks,LH,SomMot,2
34,7Networks_LH_SomMot_3,7Networks,LH,SomMot,3
35,7Networks_LH_SomMot_4,7Networks,LH,SomMot,4
36,7Networks_LH_SomMot_5,7Networks,LH,SomMot,5
37,7Networks_LH_SomMot_6,7Networks,LH,SomMot,6
38,7Networks_LH_SomMot_7,7Networks,LH,SomMot,7
39,7Networks_LH_SomMot_8,7Networks,LH,SomMot,8
40,7Networks_LH_SomMot_9,7Networks,LH,SomMot,9
41,7Networks_LH_SomMot_10,7Networks,LH,SomMot,10
42,7Networks_LH_SomMot_11,7Networks,LH,SomMot,11
43,7Networks_LH_SomMot_12,7Networks,LH,SomMot,12
44,7Networks_LH_SomMot_13,7Networks,LH,SomMot,13
45,7Networks_LH_SomMot_14,7Networks,LH,SomMot,14
46,7Networks_LH_SomMot_15,7Networks,LH,SomMot,15
47,7Networks_LH_SomMot_16,7Networks,LH,SomMot,16
48,7Networks_LH_SomMot_17,7Networks,LH,SomMot,17
49,7Networks_LH_SomMot_18,7Networks,LH,SomMot,18
50,7Networks_LH_SomMot_19,7Networks,LH,SomMot,19
51,7Networks_LH_SomMot_20,7Networks,LH,SomMot,20
52,7Networks_LH_SomMot_21,7Networks,LH,SomMot,21
53,7Networks_LH_SomMot_22,7Networks,LH,SomMot,22
54,7Networks_LH_SomMot_23,7Networks,LH,SomMot,23
55,7Networks_LH_SomMot_24,7Networks,LH,SomMot,24
56,7Networks_LH_SomMot_25,7Networks,LH,SomMot,25
57,7Networks_LH_SomMot_26,7Networks,LH,SomMot,26
58,7Networks_LH_SomMot_27,7Networks,LH,SomMot,27
59,7Networks_LH_SomMot_28,7Networks,LH,SomMot,28
60,7Networks_LH_SomMot_29,7Networks,LH,SomMot,29
61,7Networks_LH_SomMot_30,7Networks,LH,SomMot,30
62,7Networks_LH_SomMot_31,7Networks,LH,SomMot,31
63,7Networks_LH_SomMot_32,7Networks,LH,SomMot,32
64,7Networks_LH_SomMot_33,7Networks,LH,SomMot,33
65,7Networks_LH_SomMot_34,7Networks,LH,SomMot,34
66,7Networks_LH_SomMot_35,7Networks,LH,SomMot,35
67,7Networks_LH_SomMot_36,7Networks,LH,SomMot,36
68,7Networks_LH_SomMot_37,7Networks,LH,SomMot,37
69,7Networks_LH_SomMot_38,7Networks,LH,SomMot,38
70,7Networks_LH_SomMot_39,7Networks,LH,SomMot,39
71,7Networks_LH_SomMot_40,7Networks,LH,SomMot,40
72,7Networks_LH_SomMot_41,7Networks,LH,SomMot,41
73,7Networks_LH_SomMot_42,7Networks,LH,SomMot,42
74,7Networks_LH_SomMot_43,7Networks,LH,SomMot,43
75,7Networks_LH_SomMot_44,7Networks,LH,SomMot,44
76,7Networks_LH_SomMot_45,7Networks,LH,SomMot,45
77,7Networks_LH_SomMot_46,7Networks,LH,SomMot,46
78,7Networks_LH_SomMot_47,7Networks,LH,SomMot,47
79,7Networks_LH_SomMot_48,7Networks,LH,SomMot,48
80,7Networks_LH_SomMot_49,7Networks,LH,SomMot,49
81,7Networks_LH_SomMot_50,7Networks,LH,SomMot,50
82,7Networks_LH_SomMot_51,7Networks,LH,SomMot,51
83,7Networks_LH_SomMot_52,7Networks,LH,SomMot,52
84,7Networks_LH_SomMot_53,7Networks,LH,SomMot,53
85,7Networks_LH_SomMot_54,7Networks,LH,SomMot,54
86,7Networks_LH_SomMot_55,7Networks,LH,SomMot,55
87,7Networks_LH_SomMot_56,7Networks,LH,SomMot,56
88,7Networks_LH_DorsAttn_Post_1,7Networks,LH,DorsAttn_Post,1
89,7Networks_LH_DorsAttn_Post_2,7Networks,LH,DorsAttn_Post,2
90,7Networks_LH_DorsAttn_Post_3,7Networks,LH,DorsAttn_Post,3
91,7Networks_LH_DorsAttn_Post_4,7Networks,LH,DorsAttn_Post,4
92,7Networks_LH_DorsAttn_Post_5,7Networks,LH,DorsAttn_Post,5
93,7Networks_LH_DorsAttn_Post_6,7Networks,LH,DorsAttn_Post,6
94,7Networks_LH_DorsAttn_Post_7,7Networks,LH,DorsAttn_Post,7
95,7Networks_LH_DorsAttn_Post_9,7Networks,LH,DorsAttn_Post,9
96,7Networks_LH_DorsAttn_Post_10,7Networks,LH,DorsAttn_Post,10
97,7Networks_LH_DorsAttn_Post_11,7Networks,LH,DorsAttn_Post,11
98,7Networks_LH_DorsAttn_Post_12,7Networks,LH,DorsAttn_Post,12
99,7Networks_LH_DorsAttn_Post_13,7Networks,LH,DorsAttn_Post,13
100,7Networks_LH_DorsAttn_Post_14,7Networks,LH,DorsAttn_Post,14
101,7Networks_LH_DorsAttn_Post_15,7Networks,LH,DorsAttn_Post,15
102,7Networks_LH_DorsAttn_Post_16,7Networks,LH,DorsAttn_Post,16
103,7Networks_LH_DorsAttn_Post_17,7Networks,LH,DorsAttn_Post,17
104,7Networks_LH_DorsAttn_Post_18,7Networks,LH,DorsAttn_Post,18
105,7Networks_LH_DorsAttn_Post_19,7Networks,LH,DorsAttn_Post,19
106,7Networks_LH_DorsAttn_Post_20,7Networks,LH,DorsAttn_Post,20
107,7Networks_LH_DorsAttn_Post_21,7Networks,LH,DorsAttn_Post,21
108,7Networks_LH_DorsAttn_Post_22,7Networks,LH,DorsAttn_Post,22
109,7Networks_LH_DorsAttn_Post_23,7Networks,LH,DorsAttn_Post,23
110,7Networks_LH_DorsAttn_Post_24,7Networks,LH,DorsAttn_Post,24
111,7Networks_LH_DorsAttn_Post_25,7Networks,LH,DorsAttn_Post,25
112,7Networks_LH_DorsAttn_Post_26,7Networks,LH,DorsAttn_Post,26
113,7Networks_LH_DorsAttn_Post_27,7Networks,LH,DorsAttn_Post,27
114,7Networks_LH_DorsAttn_Post_28,7Networks,LH,DorsAttn_Post,28
115,7Networks_LH_DorsAttn_FEF_1,7Networks,LH,DorsAttn_FEF,1
116,7Networks_LH_DorsAttn_FEF_2,7Networks,LH,DorsAttn_FEF,2
117,7Networks_LH_DorsAttn_FEF_3,7Networks,LH,DorsAttn_FEF,3
118,7Networks_LH_DorsAttn_FEF_4,7Networks,LH,DorsAttn_FEF,4
119,7Networks_LH_DorsAttn_PrCv_1,7Networks,LH,DorsAttn_PrCv,1
120,7Networks_LH_DorsAttn_PrCv_2,7Networks,LH,DorsAttn_PrCv,2
121,7Networks_LH_DorsAttn_PrCv_3,7Networks,LH,DorsAttn_PrCv,3
122,7Networks_LH_SalVentAttn_ParOper_1,7Networks,LH,SalVentAttn_ParOper,1
123,7Networks_LH_SalVentAttn_ParOper_2,7Networks,LH,SalVentAttn_ParOper,2
124,7Networks_LH_SalVentAttn_ParOper_3,7Networks,LH,SalVentAttn_ParOper,3
125,7Networks_LH_SalVentAttn_ParOper_4,7Networks,LH,SalVentAttn_ParOper,4
126,7Networks_LH_SalVentAttn_ParOper_5,7Networks,LH,SalVentAttn_ParOper,5
127,7Networks_LH_SalVentAttn_ParOper_6,7Networks,LH,SalVentAttn_ParOper,6
128,7Networks_LH_SalVentAttn_TempOcc_1,7Networks,LH,SalVentAttn_TempOcc,1
129,7Networks_LH_SalVentAttn_FrOperIns_1,7Networks,LH,SalVentAttn_FrOperIns,1
130,7Networks_LH_SalVentAttn_FrOperIns_2,7Networks,LH,SalVentAttn_FrOperIns,2
131,7Networks_LH_SalVentAttn_FrOperIns_3,7Networks,LH,SalVentAttn_FrOperIns,3
132,7Networks_LH_SalVentAttn_FrOperIns_4,7Networks,LH,SalVentAttn_FrOperIns,4
133,7Networks_LH_SalVentAttn_FrOperIns_5,7Networks,LH,SalVentAttn_FrOperIns,5
134,7Networks_LH_SalVentAttn_FrOperIns_6,7Networks,LH,SalVentAttn_FrOperIns,6
135,7Networks_LH_SalVentAttn_FrOperIns_7,7Networks,LH,SalVentAttn_FrOperIns,7
136,7Networks_LH_SalVentAttn_FrOperIns_8,7Networks,LH,SalVentAttn_FrOperIns,8
137,7Networks_LH_SalVentAttn_FrOperIns_9,7Networks,LH,SalVentAttn_FrOperIns,9
138,7Networks_LH_SalVentAttn_FrOperIns_10,7Networks,LH,SalVentAttn_FrOperIns,10
139,7Networks_LH_SalVentAttn_FrOperIns_11,7Networks,LH,SalVentAttn_FrOperIns,11
140,7Networks_LH_SalVentAttn_PFCl_1,7Networks,LH,SalVentAttn_PFCl,1
141,7Networks_LH_SalVentAttn_PFCl_2,7Networks,LH,SalVentAttn_PFCl,2
142,7Networks_LH_SalVentAttn_Med_1,7Networks,LH,SalVentAttn_Med,1
143,7Networks_LH_SalVentAttn_Med_2,7Networks,LH,SalVentAttn_Med,2
144,7Networks_LH_SalVentAttn_Med_3,7Networks,LH,SalVentAttn_Med,3
145,7Networks_LH_SalVentAttn_Med_4,7Networks,LH,SalVentAttn_Med,4
146,7Networks_LH_SalVentAttn_Med_5,7Networks,LH,SalVentAttn_Med,5
147,7Networks_LH_SalVentAttn_Med_6,7Networks,LH,SalVentAttn_Med,6
148,7Networks_LH_SalVentAttn_Med_7,7Networks,LH,SalVentAttn_Med,7
149,7Networks_LH_SalVentAttn_Med_8,7Networks,LH,SalVentAttn_Med,8
150,7Networks_LH_SalVentAttn_Med_9,7Networks,LH,SalVentAttn_Med,9
151,7Networks_LH_SalVentAttn_Med_10,7Networks,LH,SalVentAttn_Med,10
152,7Networks_LH_SalVentAttn_Med_11,7Networks,LH,SalVentAttn_Med,11
153,7Networks_LH_SalVentAttn_Med_12,7Networks,LH,SalVentAttn_Med,12
154,7Networks_LH_SalVentAttn_Med_13,7Networks,LH,SalVentAttn_Med,13
155,7Networks_LH_SalVentAttn_Med_14,7Networks,LH,SalVentAttn_Med,14
156,7Networks_LH_Limbic_OFC_1,7Networks,LH,Limbic_OFC,1
157,7Networks_LH_Limbic_OFC_2,7Networks,LH,Limbic_OFC,2
158,7Networks_LH_Limbic_OFC_3,7Networks,LH,Limbic_OFC,3
159,7Networks_LH_Limbic_OFC_4,7Networks,LH,Limbic_OFC,4
160,7Networks_LH_Limbic_OFC_5,7Networks,LH,Limbic_OFC,5
161,7Networks_LH_Limbic_OFC_6,7Networks,LH,Limbic_OFC,6
162,7Networks_LH_Limbic_OFC_7,7Networks,LH,Limbic_OFC,7
163,7Networks_LH_Limbic_OFC_8,7Networks,LH,Limbic_OFC,8
164,7Networks_LH_Limbic_TempPole_1,7Networks,LH,Limbic_TempPole,1
165,7Networks_LH_Limbic_TempPole_2,7Networks,LH,Limbic_TempPole,2
166,7Networks_LH_Limbic_TempPole_3,7Networks,LH,Limbic_TempPole,3
167,7Networks_LH_Limbic_TempPole_4,7Networks,LH,Limbic_TempPole,4
168,7Networks_LH_Limbic_TempPole_5,7Networks,LH,Limbic_TempPole,5
169,7Networks_LH_Limbic_TempPole_6,7Networks,LH,Limbic_TempPole,6
170,7Networks_LH_Limbic_TempPole_7,7Networks,LH,Limbic_TempPole,7
171,7Networks_LH_Limbic_TempPole_8,7Networks,LH,Limbic_TempPole,8
172,7Networks_LH_Limbic_TempPole_9,7Networks,LH,Limbic_TempPole,9
173,7Networks_LH_Limbic_TempPole_10,7Networks,LH,Limbic_TempPole,10
174,7Networks_LH_Limbic_TempPole_11,7Networks,LH,Limbic_TempPole,11
175,7Networks_LH_Limbic_TempPole_12,7Networks,LH,Limbic_TempPole,12
176,7Networks_LH_Limbic_TempPole_13,7Networks,LH,Limbic_TempPole,13
177,7Networks_LH_Limbic_TempPole_14,7Networks,LH,Limbic_TempPole,14
178,7Networks_LH_Cont_Par_1,7Networks,LH,Cont_Par,1
179,7Networks_LH_Cont_Par_2,7Networks,LH,Cont_Par,2
180,7Networks_LH_Cont_Par_3,7Networks,LH,Cont_Par,3
181,7Networks_LH_Cont_Par_4,7Networks,LH,Cont_Par,4
182,7Networks_LH_Cont_Par_5,7Networks,LH,Cont_Par,5
183,7Networks_LH_Cont_Par_6,7Networks,LH,Cont_Par,6
184,7Networks_LH_Cont_Par_7,7Networks,LH,Cont_Par,7
185,7Networks_LH_Cont_Par_8,7Networks,LH,Cont_Par,8
186,7Networks_LH_Cont_Par_9,7Networks,LH,Cont_Par,9
187,7Networks_LH_Cont_Temp_1,7Networks,LH,Cont_Temp,1
188,7Networks_LH_Cont_PFCd_1,7Networks,LH,Cont_PFCd,1
189,7Networks_LH_Cont_PFCd_2,7Networks,LH,Cont_PFCd,2
190,7Networks_LH_Cont_OFC_1,7Networks,LH,Cont_OFC,1
191,7Networks_LH_Cont_PFCl_1,7Networks,LH,Cont_PFCl,1
192,7Networks_LH_Cont_PFCl_2,7Networks,LH,Cont_PFCl,2
193,7Networks_LH_Cont_PFCl_3,7Networks,LH,Cont_PFCl,3
194,7Networks_LH_Cont_PFCl_4,7Networks,LH,Cont_PFCl,4
195,7Networks_LH_Cont_PFCl_5,7Networks,LH,Cont_PFCl,5
196,7Networks_LH_Cont_PFCl_6,7Networks,LH,Cont_PFCl,6
197,7Networks_LH_Cont_PFCl_7,7Networks,LH,Cont_PFCl,7
198,7Networks_LH_Cont_PFCl_8,7Networks,LH,Cont_PFCl,8
199,7Networks_LH_Cont_PFCl_9,7Networks,LH,Cont_PFCl,9
200,7Networks_LH_Cont_PFCl_10,7Networks,LH,Cont_PFCl,10
201,7Networks_LH_Cont_PFCl_11,7Networks,LH,Cont_PFCl,11
202,7Networks_LH_Cont_PFCl_12,7Networks,LH,Cont_PFCl,12
203,7Networks_LH_Cont_PFCl_13,7Networks,LH,Cont_PFCl,13
204,7Networks_LH_Cont_PFCv_1,7Networks,LH,Cont_PFCv,1
205,7Networks_LH_Cont_PFCv_2,7Networks,LH,Cont_PFCv,2
206,7Networks_LH_Cont_pCun_1,7Networks,LH,Cont_pCun,1
207,7Networks_LH_Cont_pCun_2,7Networks,LH,Cont_pCun,2
208,7Networks_LH_Cont_Cing_1,7Networks,LH,Cont_Cing,1
209,7Networks_LH_Cont_Cing_2,7Networks,LH,Cont_Cing,2
210,7Networks_LH_Cont_Cing_3,7Networks,LH,Cont_Cing,3
211,7Networks_LH_Cont_Cing_4,7Networks,LH,Cont_Cing,4
212,7Networks_LH_Cont_PFCmp_1,7Networks,LH,Cont_PFCmp,1
213,7Networks_LH_Cont_PFCmp_2,7Networks,LH,Cont_PFCmp,2
214,7Networks_LH_Default_Temp_1,7Networks,LH,Default_Temp,1
215,7Networks_LH_Default_Temp_2,7Networks,LH,Default_Temp,2
216,7Networks_LH_Default_Temp_3,7Networks,LH,Default_Temp,3
217,7Networks_LH_Default_Temp_4,7Networks,LH,Default_Temp,4
218,7Networks_LH_Default_Temp_5,7Networks,LH,Default_Temp,5
219,7Networks_LH_Default_Temp_6,7Networks,LH,Default_Temp,6
220,7Networks_LH_Default_Temp_7,7Networks,LH,Default_Temp,7
221,7Networks_LH_Default_Temp_8,7Networks,LH,Default_Temp,8
222,7Networks_LH_Default_Temp_9,7Networks,LH,Default_Temp,9
223,7Networks_LH_Default_Temp_10,7Networks,LH,Default_Temp,10
224,7Networks_LH_Default_Temp_11,7Networks,LH,Default_Temp,11
225,7Networks_LH_Default_Temp_12,7Networks,LH,Default_Temp,12
226,7Networks_LH_Default_Par_1,7Networks,LH,Default_Par,1
227,7Networks_LH_Default_Par_2,7Networks,LH,Default_Par,2
228,7Networks_LH_Default_Par_3,7Networks,LH,Default_Par,3
229,7Networks_LH_Default_Par_4,7Networks,LH,Default_Par,4
230,7Networks_LH_Default_Par_5,7Networks,LH,Default_Par,5
231,7Networks_LH_Default_Par_6,7Networks,LH,Default_Par,6
232,7Networks_LH_Default_Par_7,7Networks,LH,Default_Par,7
233,7Networks_LH_Default_Par_8,7Networks,LH,Default_Par,8
234,7Networks_LH_Default_Par_9,7Networks,LH,Default_Par,9
235,7Networks_LH_Default_Par_10,7Networks,LH,Default_Par,10
236,7Networks_LH_Default_Par_11,7Networks,LH,Default_Par,11
237,7Networks_LH_Default_Par_12,7Networks,LH,Default_Par,12
238,7Networks_LH_Default_Par_13,7Networks,LH,Default_Par,13
239,7Networks_LH_Default_PFC_1,7Networks,LH,Default_PFC,1
240,7Networks_LH_Default_PFC_2,7Networks,LH,Default_PFC,2
241,7Networks_LH_Default_PFC_3,7Networks,LH,Default_PFC,3
242,7Networks_LH_Default_PFC_4,7Networks,LH,Default_PFC,4
243,7Networks_LH_Default_PFC_5,7Networks,LH,Default_PFC,5
244,7Networks_LH_Default_PFC_6,7Networks,LH,Default_PFC,6
245,7Networks_LH_Default_PFC_7,7Networks,LH,Default_PFC,7
246,7Networks_LH_Default_PFC_8,7Networks,LH,Default_PFC,8
247,7Networks_LH_Default_PFC_9,7Networks,LH,Default_PFC,9
248,7Networks_LH_Default_PFC_10,7Networks,LH,Default_PFC,10
249,7Networks_LH_Default_PFC_11,7Networks,LH,Default_PFC,11
250,7Networks_LH_Default_PFC_12,7Networks,LH,Default_PFC,12
251,7Networks_LH_Default_PFC_13,7Networks,LH,Default_PFC,13
252,7Networks_LH_Default_PFC_14,7Networks,LH,Default_PFC,14
253,7Networks_LH_Default_PFC_15,7Networks,LH,Default_PFC,15
254,7Networks_LH_Default_PFC_16,7Networks,LH,Default_PFC,16
255,7Networks_LH_Default_PFC_17,7Networks,LH,Default_PFC,17
256,7Networks_LH_Default_PFC_18,7Networks,LH,Default_PFC,18
257,7Networks_LH_Default_PFC_19,7Networks,LH,Default_PFC,19
258,7Networks_LH_Default_PFC_20,7Networks,LH,Default_PFC,20
259,7Networks_LH_Default_PFC_21,7Networks,LH,Default_PFC,21
260,7Networks_LH_Default_PFC_22,7Networks,LH,Default_PFC,22
261,7Networks_LH_Default_PFC_23,7Networks,LH,Default_PFC,23
262,7Networks_LH_Default_PFC_24,7Networks,LH,Default_PFC,24
263,7Networks_LH_Default_PFC_25,7Networks,LH,Default_PFC,25
264,7Networks_LH_Default_PFC_26,7Networks,LH,Default_PFC,26
265,7Networks_LH_Default_PFC_27,7Networks,LH,Default_PFC,27
266,7Networks_LH_Default_PFC_28,7Networks,LH,Default_PFC,28
267,7Networks_LH_Default_PFC_29,7Networks,LH,Default_PFC,29
268,7Networks_LH_Default_pCunPCC_1,7Networks,LH,Default_pCunPCC,1
269,7Networks_LH_Default_pCunPCC_2,7Networks,LH,Default_pCunPCC,2
270,7Networks_LH_Default_pCunPCC_3,7Networks,LH,Default_pCunPCC,3
271,7Networks_LH_Default_pCunPCC_4,7Networks,LH,Default_pCunPCC,4
272,7Networks_LH_Default_pCunPCC_5,7Networks,LH,Default_pCunPCC,5
273,7Networks_LH_Default_pCunPCC_6,7Networks,LH,Default_pCunPCC,6
274,7Networks_LH_Default_pCunPCC_7,7Networks,LH,Default_pCunPCC,7
275,7Networks_LH_Default_pCunPCC_8,7Networks,LH,Default_pCunPCC,8
276,7Networks_LH_Default_pCunPCC_9,7Networks,LH,Default_pCunPCC,9
277,7Networks_LH_Default_pCunPCC_10,7Networks,LH,Default_pCunPCC,10
278,7Networks_LH_Default_pCunPCC_11,7Networks,LH,Default_pCunPCC,11
279,7Networks_LH_Default_pCunPCC_12,7Networks,LH,Default_pCunPCC,12
280,7Networks_LH_Default_pCunPCC_13,7Networks,LH,Default_pCunPCC,13
281,7Networks_LH_Default_pCunPCC_14,7Networks,LH,Default_pCunPCC,14
282,7Networks_LH_Default_pCunPCC_15,7Networks,LH,Default_pCunPCC,15
283,7Networks_LH_Default_pCunPCC_16,7Networks,LH,Default_pCunPCC,16
284,7Networks_LH_Default_pCunPCC_17,7Networks,LH,Default_pCunPCC,17
285,7Networks_LH_Default_PHC_1,7Networks,LH,Default_PHC,1
286,7Networks_RH_Vis_1,7Networks,RH,Vis,1
287,7Networks_RH_Vis_2,7Networks,RH,Vis,2
288,7Networks_RH_Vis_3,7Networks,RH,Vis,3
289,7Networks_RH_Vis_4,7Networks,RH,Vis,4
290,7Networks_RH_Vis_5,7Networks,RH,Vis,5
291,7Networks_RH_Vis_6,7Networks,RH,Vis,6
292,7Networks_RH_Vis_7,7Networks,RH,Vis,7
293,7Networks_RH_Vis_8,7Networks,RH,Vis,8
294,7Networks_RH_Vis_10,7Networks,RH,Vis,10
295,7Networks_RH_Vis_11,7Networks,RH,Vis,11
296,7Networks_RH_Vis_12,7Networks,RH,Vis,12
297,7Networks_RH_Vis_13,7Networks,RH,Vis,13
298,7Networks_RH_Vis_14,7Networks,RH,Vis,14
299,7Networks_RH_Vis_16,7Networks,RH,Vis,16
300,7Networks_RH_Vis_18,7Networks,RH,Vis,18
301,7Networks_RH_Vis_19,7Networks,RH,Vis,19
302,7Networks_RH_Vis_20,7Networks,RH,Vis,20
303,7Networks_RH_Vis_21,7Networks,RH,Vis,21
304,7Networks_RH_Vis_22,7Networks,RH,Vis,22
305,7Networks_RH_Vis_25,7Networks,RH,Vis,25
306,7Networks_RH_Vis_27,7Networks,RH,Vis,27
307,7Networks_RH_Vis_29,7Networks,RH,Vis,29
308,7Networks_RH_Vis_32,7Networks,RH,Vis,32
309,7Networks_RH_Vis_34,7Networks,RH,Vis,34
310,7Networks_RH_Vis_35,7Networks,RH,Vis,35
311,7Networks_RH_Vis_36,7Networks,RH,Vis,36
312,7Networks_RH_Vis_38,7Networks,RH,Vis,38
313,7Networks_RH_Vis_39,7Networks,RH,Vis,39
314,7Networks_RH_Vis_40,7Networks,RH,Vis,40
315,7Networks_RH_Vis_41,7Networks,RH,Vis,41
316,7Networks_RH_Vis_42,7Networks,RH,Vis,42
317,7Networks_RH_Vis_43,7Networks,RH,Vis,43
318,7Networks_RH_Vis_44,7Networks,RH,Vis,44
319,7Networks_RH_SomMot_1,7Networks,RH,SomMot,1
320,7Networks_RH_SomMot_2,7Networks,RH,SomMot,2
321,7Networks_RH_SomMot_3,7Networks,RH,SomMot,3
322,7Networks_RH_SomMot_4,7Networks,RH,SomMot,4
323,7Networks_RH_SomMot_5,7Networks,RH,SomMot,5
324,7Networks_RH_SomMot_6,7Networks,RH,SomMot,6
325,7Networks_RH_SomMot_7,7Networks,RH,SomMot,7
326,7Networks_RH_SomMot_8,7Networks,RH,SomMot,8
327,7Networks_RH_SomMot_9,7Networks,RH,SomMot,9
328,7Networks_RH_SomMot_10,7Networks,RH,SomMot,10
329,7Networks_RH_SomMot_11,7Networks,RH,SomMot,11
330,7Networks_RH_SomMot_12,7Networks,RH,SomMot,12
331,7Networks_RH_SomMot_13,7Networks,RH,SomMot,13
332,7Networks_RH_SomMot_14,7Networks,RH,SomMot,14
333,7Networks_RH_SomMot_15,7Networks,RH,SomMot,15
334,7Networks_RH_SomMot_16,7Networks,RH,SomMot,16
335,7Networks_RH_SomMot_17,7Networks,RH,SomMot,17
336,7Networks_RH_SomMot_18,7Networks,RH,SomMot,18
337,7Networks_RH_SomMot_19,7Networks,RH,SomMot,19
338,7Networks_RH_SomMot_20,7Networks,RH,SomMot,20
339,7Networks_RH_SomMot_21,7Networks,RH,SomMot,21
340,7Networks_RH_SomMot_22,7Networks,RH,SomMot,22
341,7Networks_RH_SomMot_23,7Networks,RH,SomMot,23
342,7Networks_RH_SomMot_24,7Networks,RH,SomMot,24
343,7Networks_RH_SomMot_25,7Networks,RH,SomMot,25
344,7Networks_RH_SomMot_26,7Networks,RH,SomMot,26
345,7Networks_RH_SomMot_27,7Networks,RH,SomMot,27
346,7Networks_RH_SomMot_28,7Networks,RH,SomMot,28
347,7Networks_RH_SomMot_29,7Networks,RH,SomMot,29
348,7Networks_RH_SomMot_30,7Networks,RH,SomMot,30
349,7Networks_RH_SomMot_31,7Networks,RH,SomMot,31
350,7Networks_RH_SomMot_32,7Networks,RH,SomMot,32
351,7Networks_RH_SomMot_33,7Networks,RH,SomMot,33
352,7Networks_RH_SomMot_34,7Networks,RH,SomMot,34
353,7Networks_RH_SomMot_35,7Networks,RH,SomMot,35
354,7Networks_RH_SomMot_36,7Networks,RH,SomMot,36
355,7Networks_RH_SomMot_37,7Networks,RH,SomMot,37
356,7Networks_RH_SomMot_38,7Networks,RH,SomMot,38
357,7Networks_RH_SomMot_39,7Networks,RH,SomMot,39
358,7Networks_RH_SomMot_40,7Networks,RH,SomMot,40
359,7Networks_RH_SomMot_41,7Networks,RH,SomMot,41
360,7Networks_RH_SomMot_42,7Networks,RH,SomMot,42
361,7Networks_RH_SomMot_43,7Networks,RH,SomMot,43
362,7Networks_RH_SomMot_44,7Networks,RH,SomMot,44
363,7Networks_RH_SomMot_45,7Networks,RH,SomMot,45
364,7Networks_RH_SomMot_46,7Networks,RH,SomMot,46
365,7Networks_RH_SomMot_47,7Networks,RH,SomMot,47
366,7Networks_RH_SomMot_48,7Networks,RH,SomMot,48
367,7Networks_RH_SomMot_49,7Networks,RH,SomMot,49
368,7Networks_RH_SomMot_50,7Networks,RH,SomMot,50
369,7Networks_RH_SomMot_51,7Networks,RH,SomMot,51
370,7Networks_RH_SomMot_52,7Networks,RH,SomMot,52
371,7Networks_RH_SomMot_53,7Networks,RH,SomMot,53
372,7Networks_RH_SomMot_54,7Networks,RH,SomMot,54
373,7Networks_RH_SomMot_55,7Networks,RH,SomMot,55
374,7Networks_RH_SomMot_56,7Networks,RH,SomMot,56
375,7Networks_RH_DorsAttn_Post_1,7Networks,RH,DorsAttn_Post,1
376,7Networks_RH_DorsAttn_Post_2,7Networks,RH,DorsAttn_Post,2
377,7Networks_RH_DorsAttn_Post_3,7Networks,RH,DorsAttn_Post,3
378,7Networks_RH_DorsAttn_Post_4,7Networks,RH,DorsAttn_Post,4
379,7Networks_RH_DorsAttn_Post_5,7Networks,RH,DorsAttn_Post,5
380,7Networks_RH_DorsAttn_Post_6,7Networks,RH,DorsAttn_Post,6
381,7Networks_RH_DorsAttn_Post_7,7Networks,RH,DorsAttn_Post,7
382,7Networks_RH_DorsAttn_Post_8,7Networks,RH,DorsAttn_Post,8
383,7Networks_RH_DorsAttn_Post_9,7Networks,RH,DorsAttn_Post,9
384,7Networks_RH_DorsAttn_Post_10,7Networks,RH,DorsAttn_Post,10
385,7Networks_RH_DorsAttn_Post_11,7Networks,RH,DorsAttn_Post,11
386,7Networks_RH_DorsAttn_Post_12,7Networks,RH,DorsAttn_Post,12
387,7Networks_RH_DorsAttn_Post_13,7Networks,RH,DorsAttn_Post,13
388,7Networks_RH_DorsAttn_Post_14,7Networks,RH,DorsAttn_Post,14
389,7Networks_RH_DorsAttn_Post_15,7Networks,RH,DorsAttn_Post,15
390,7Networks_RH_DorsAttn_Post_16,7Networks,RH,DorsAttn_Post,16
391,7Networks_RH_DorsAttn_Post_17,7Networks,RH,DorsAttn_Post,17
392,7Networks_RH_DorsAttn_Post_18,7Networks,RH,DorsAttn_Post,18
393,7Networks_RH_DorsAttn_Post_19,7Networks,RH,DorsAttn_Post,19
394,7Networks_RH_DorsAttn_Post_20,7Networks,RH,DorsAttn_Post,20
395,7Networks_RH_DorsAttn_Post_21,7Networks,RH,DorsAttn_Post,21
396,7Networks_RH_DorsAttn_Post_22,7Networks,RH,DorsAttn_Post,22
397,7Networks_RH_DorsAttn_Post_23,7Networks,RH,DorsAttn_Post,23
398,7Networks_RH_DorsAttn_Post_24,7Networks,RH,DorsAttn_Post,24
399,7Networks_RH_DorsAttn_Post_25,7Networks,RH,DorsAttn_Post,25
400,7Networks_RH_DorsAttn_Post_26,7Networks,RH,DorsAttn_Post,26
401,7Networks_RH_DorsAttn_Post_27,7Networks,RH,DorsAttn_Post,27
402,7Networks_RH_DorsAttn_Post_28,7Networks,RH,DorsAttn_Post,28
403,7Networks_RH_DorsAttn_Post_29,7Networks,RH,DorsAttn_Post,29
404,7Networks_RH_DorsAttn_Post_30,7Networks,RH,DorsAttn_Post,30
405,7Networks_RH_DorsAttn_Post_31,7Networks,RH,DorsAttn_Post,31
406,7Networks_RH_DorsAttn_FEF_1,7Networks,RH,DorsAttn_FEF,1
407,7Networks_RH_DorsAttn_FEF_2,7Networks,RH,DorsAttn_FEF,2
408,7Networks_RH_DorsAttn_FEF_3,7Networks,RH,DorsAttn_FEF,3
409,7Networks_RH_DorsAttn_FEF_4,7Networks,RH,DorsAttn_FEF,4
410,7Networks_RH_DorsAttn_PrCv_1,7Networks,RH,DorsAttn_PrCv,1
411,7Networks_RH_DorsAttn_PrCv_2,7Networks,RH,DorsAttn_PrCv,2
412,7Networks_RH_SalVentAttn_TempOccPar_1,7Networks,RH,SalVentAttn_TempOccPar,1
413,7Networks_RH_SalVentAttn_TempOccPar_2,7Networks,RH,SalVentAttn_TempOccPar,2
414,7Networks_RH_SalVentAttn_TempOccPar_3,7Networks,RH,SalVentAttn_TempOccPar,3
415,7Networks_RH_SalVentAttn_TempOccPar_4,7Networks,RH,SalVentAttn_TempOccPar,4
416,7Networks_RH_SalVentAttn_TempOccPar_5,7Networks,RH,SalVentAttn_TempOccPar,5
417,7Networks_RH_SalVentAttn_TempOccPar_6,7Networks,RH,SalVentAttn_TempOccPar,6
418,7Networks_RH_SalVentAttn_TempOccPar_7,7Networks,RH,SalVentAttn_TempOccPar,7
419,7Networks_RH_SalVentAttn_TempOccPar_8,7Networks,RH,SalVentAttn_TempOccPar,8
420,7Networks_RH_SalVentAttn_TempOccPar_9,7Networks,RH,SalVentAttn_TempOccPar,9
421,7Networks_RH_SalVentAttn_TempOccPar_10,7Networks,RH,SalVentAttn_TempOccPar,10
422,7Networks_RH_SalVentAttn_TempOccPar_11,7Networks,RH,SalVentAttn_TempOccPar,11
423,7Networks_RH_SalVentAttn_TempOccPar_12,7Networks,RH,SalVentAttn_TempOccPar,12
424,7Networks_RH_SalVentAttn_PrC_1,7Networks,RH,SalVentAttn_PrC,1
425,7Networks_RH_SalVentAttn_FrOperIns_1,7Networks,RH,SalVentAttn_FrOperIns,1
426,7Networks_RH_SalVentAttn_FrOperIns_2,7Networks,RH,SalVentAttn_FrOperIns,2
427,7Networks_RH_SalVentAttn_FrOperIns_3,7Networks,RH,SalVentAttn_FrOperIns,3
428,7Networks_RH_SalVentAttn_FrOperIns_4,7Networks,RH,SalVentAttn_FrOperIns,4
429,7Networks_RH_SalVentAttn_FrOperIns_5,7Networks,RH,SalVentAttn_FrOperIns,5
430,7Networks_RH_SalVentAttn_FrOperIns_6,7Networks,RH,SalVentAttn_FrOperIns,6
431,7Networks_RH_SalVentAttn_FrOperIns_7,7Networks,RH,SalVentAttn_FrOperIns,7
432,7Networks_RH_SalVentAttn_FrOperIns_8,7Networks,RH,SalVentAttn_FrOperIns,8
433,7Networks_RH_SalVentAttn_FrOperIns_9,7Networks,RH,SalVentAttn_FrOperIns,9
434,7Networks_RH_SalVentAttn_FrOperIns_10,7Networks,RH,SalVentAttn_FrOperIns,10
435,7Networks_RH_SalVentAttn_FrOperIns_11,7Networks,RH,SalVentAttn_FrOperIns,11
436,7Networks_RH_SalVentAttn_FrOperIns_12,7Networks,RH,SalVentAttn_FrOperIns,12
437,7Networks_RH_SalVentAttn_PFCl_1,7Networks,RH,SalVentAttn_PFCl,1
438,7Networks_RH_SalVentAttn_Med_1,7Networks,RH,SalVentAttn_Med,1
439,7Networks_RH_SalVentAttn_Med_2,7Networks,RH,SalVentAttn_Med,2
440,7Networks_RH_SalVentAttn_Med_3,7Networks,RH,SalVentAttn_Med,3
441,7Networks_RH_SalVentAttn_Med_4,7Networks,RH,SalVentAttn_Med,4
442,7Networks_RH_SalVentAttn_Med_5,7Networks,RH,SalVentAttn_Med,5
443,7Networks_RH_SalVentAttn_Med_6,7Networks,RH,SalVentAttn_Med,6
444,7Networks_RH_SalVentAttn_Med_7,7Networks,RH,SalVentAttn_Med,7
445,7Networks_RH_SalVentAttn_Med_8,7Networks,RH,SalVentAttn_Med,8
446,7Networks_RH_SalVentAttn_Med_9,7Networks,RH,SalVentAttn_Med,9
447,7Networks_RH_SalVentAttn_Med_10,7Networks,RH,SalVentAttn_Med,10
448,7Networks_RH_SalVentAttn_Med_11,7Networks,RH,SalVentAttn_Med,11
449,7Networks_RH_SalVentAttn_Med_12,7Networks,RH,SalVentAttn_Med,12
450,7Networks_RH_SalVentAttn_Med_13,7Networks,RH,SalVentAttn_Med,13
451,7Networks_RH_Limbic_OFC_1,7Networks,RH,Limbic_OFC,1
452,7Networks_RH_Limbic_OFC_2,7Networks,RH,Limbic_OFC,2
453,7Networks_RH_Limbic_OFC_3,7Networks,RH,Limbic_OFC,3
454,7Networks_RH_Limbic_OFC_4,7Networks,RH,Limbic_OFC,4
455,7Networks_RH_Limbic_OFC_5,7Networks,RH,Limbic_OFC,5
456,7Networks_RH_Limbic_OFC_6,7Networks,RH,Limbic_OFC,6
457,7Networks_RH_Limbic_OFC_7,7Networks,RH,Limbic_OFC,7
458,7Networks_RH_Limbic_OFC_8,7Networks,RH,Limbic_OFC,8
459,7Networks_RH_Limbic_OFC_9,7Networks,RH,Limbic_OFC,9
460,7Networks_RH_Limbic_TempPole_1,7Networks,RH,Limbic_TempPole,1
461,7Networks_RH_Limbic_TempPole_2,7Networks,RH,Limbic_TempPole,2
462,7Networks_RH_Limbic_TempPole_3,7Networks,RH,Limbic_TempPole,3
463,7Networks_RH_Limbic_TempPole_4,7Networks,RH,Limbic_TempPole,4
464,7Networks_RH_Limbic_TempPole_5,7Networks,RH,Limbic_TempPole,5
465,7Networks_RH_Limbic_TempPole_6,7Networks,RH,Limbic_TempPole,6
466,7Networks_RH_Limbic_TempPole_7,7Networks,RH,Limbic_TempPole,7
467,7Networks_RH_Limbic_TempPole_8,7Networks,RH,Limbic_TempPole,8
468,7Networks_RH_Limbic_TempPole_9,7Networks,RH,Limbic_TempPole,9
469,7Networks_RH_Limbic_TempPole_10,7Networks,RH,Limbic_TempPole,10
470,7Networks_RH_Limbic_TempPole_11,7Networks,RH,Limbic_TempPole,11
471,7Networks_RH_Cont_Par_1,7Networks,RH,Cont_Par,1
472,7Networks_RH_Cont_Par_2,7Networks,RH,Cont_Par,2
473,7Networks_RH_Cont_Par_3,7Networks,RH,Cont_Par,3
474,7Networks_RH_Cont_Par_4,7Networks,RH,Cont_Par,4
475,7Networks_RH_Cont_Par_5,7Networks,RH,Cont_Par,5
476,7Networks_RH_Cont_Par_6,7Networks,RH,Cont_Par,6
477,7Networks_RH_Cont_Par_7,7Networks,RH,Cont_Par,7
478,7Networks_RH_Cont_Par_8,7Networks,RH,Cont_Par,8
479,7Networks_RH_Cont_Par_9,7Networks,RH,Cont_Par,9
480,7Networks_RH_Cont_Temp_1,7Networks,RH,Cont_Temp,1
481,7Networks_RH_Cont_Temp_2,7Networks,RH,Cont_Temp,2
482,7Networks_RH_Cont_PFCv_1,7Networks,RH,Cont_PFCv,1
483,7Networks_RH_Cont_PFCl_1,7Networks,RH,Cont_PFCl,1
484,7Networks_RH_Cont_PFCl_2,7Networks,RH,Cont_PFCl,2
485,7Networks_RH_Cont_PFCl_3,7Networks,RH,Cont_PFCl,3
486,7Networks_RH_Cont_PFCl_4,7Networks,RH,Cont_PFCl,4
487,7Networks_RH_Cont_PFCl_5,7Networks,RH,Cont_PFCl,5
488,7Networks_RH_Cont_PFCl_6,7Networks,RH,Cont_PFCl,6
489,7Networks_RH_Cont_PFCl_7,7Networks,RH,Cont_PFCl,7
490,7Networks_RH_Cont_PFCl_8,7Networks,RH,Cont_PFCl,8
491,7Networks_RH_Cont_PFCl_9,7Networks,RH,Cont_PFCl,9
492,7Networks_RH_Cont_PFCl_10,7Networks,RH,Cont_PFCl,10
493,7Networks_RH_Cont_PFCl_11,7Networks,RH,Cont_PFCl,11
494,7Networks_RH_Cont_PFCl_12,7Networks,RH,Cont_PFCl,12
495,7Networks_RH_Cont_PFCl_13,7Networks,RH,Cont_PFCl,13
496,7Networks_RH_Cont_PFCl_14,7Networks,RH,Cont_PFCl,14
497,7Networks_RH_Cont_PFCl_15,7Networks,RH,Cont_PFCl,15
498,7Networks_RH_Cont_PFCl_16,7Networks,RH,Cont_PFCl,16
499,7Networks_RH_Cont_PFCl_17,7Networks,RH,Cont_PFCl,17
500,7Networks_RH_Cont_PFCl_18,7Networks,RH,Cont_PFCl,18
501,7Networks_RH_Cont_PFCl_19,7Networks,RH,Cont_PFCl,19
502,7Networks_RH_Cont_PFCl_20,7Networks,RH,Cont_PFCl,20
503,7Networks_RH_Cont_PFCl_21,7Networks,RH,Cont_PFCl,21
504,7Networks_RH_Cont_PFCl_22,7Networks,RH,Cont_PFCl,22
505,7Networks_RH_Cont_PFCl_23,7Networks,RH,Cont_PFCl,23
506,7Networks_RH_Cont_PFCl_24,7Networks,RH,Cont_PFCl,24
507,7Networks_RH_Cont_PFCl_25,7Networks,RH,Cont_PFCl,25
508,7Networks_RH_Cont_pCun_1,7Networks,RH,Cont_pCun,1
509,7Networks_RH_Cont_pCun_2,7Networks,RH,Cont_pCun,2
510,7Networks_RH_Cont_Cing_1,7Networks,RH,Cont_Cing,1
511,7Networks_RH_Cont_Cing_2,7Networks,RH,Cont_Cing,2
512,7Networks_RH_Cont_Cing_3,7Networks,RH,Cont_Cing,3
513,7Networks_RH_Cont_Cing_4,7Networks,RH,Cont_Cing,4
514,7Networks_RH_Cont_PFCmp_1,7Networks,RH,Cont_PFCmp,1
515,7Networks_RH_Cont_PFCmp_2,7Networks,RH,Cont_PFCmp,2
516,7Networks_RH_Cont_PFCmp_3,7Networks,RH,Cont_PFCmp,3
517,7Networks_RH_Default_Par_1,7Networks,RH,Default_Par,1
518,7Networks_RH_Default_Par_2,7Networks,RH,Default_Par,2
519,7Networks_RH_Default_Par_3,7Networks,RH,Default_Par,3
520,7Networks_RH_Default_Par_4,7Networks,RH,Default_Par,4
521,7Networks_RH_Default_Par_5,7Networks,RH,Default_Par,5
522,7Networks_RH_Default_Par_6,7Networks,RH,Default_Par,6
523,7Networks_RH_Default_Par_7,7Networks,RH,Default_Par,7
524,7Networks_RH_Default_Par_8,7Networks,RH,Default_Par,8
525,7Networks_RH_Default_Temp_1,7Networks,RH,Default_Temp,1
526,7Networks_RH_Default_Temp_2,7Networks,RH,Default_Temp,2
527,7Networks_RH_Default_Temp_3,7Networks,RH,Default_Temp,3
528,7Networks_RH_Default_Temp_4,7Networks,RH,Default_Temp,4
529,7Networks_RH_Default_Temp_5,7Networks,RH,Default_Temp,5
530,7Networks_RH_Default_Temp_6,7Networks,RH,Default_Temp,6
531,7Networks_RH_Default_Temp_7,7Networks,RH,Default_Temp,7
532,7Networks_RH_Default_Temp_8,7Networks,RH,Default_Temp,8
533,7Networks_RH_Default_Temp_9,7Networks,RH,Default_Temp,9
534,7Networks_RH_Default_Temp_10,7Networks,RH,Default_Temp,10
535,7Networks_RH_Default_Temp_11,7Networks,RH,Default_Temp,11
536,7Networks_RH_Default_PFCv_1,7Networks,RH,Default_PFCv,1
537,7Networks_RH_Default_PFCv_2,7Networks,RH,Default_PFCv,2
538,7Networks_RH_Default_PFCv_3,7Networks,RH,Default_PFCv,3
539,7Networks_RH_Default_PFCv_4,7Networks,RH,Default_PFCv,4
540,7Networks_RH_Default_PFCv_5,7Networks,RH,Default_PFCv,5
541,7Networks_RH_Default_PFCv_6,7Networks,RH,Default_PFCv,6
542,7Networks_RH_Default_PFCdPFCm_1,7Networks,RH,Default_PFCdPFCm,1
543,7Networks_RH_Default_PFCdPFCm_2,7Networks,RH,Default_PFCdPFCm,2
544,7Networks_RH_Default_PFCdPFCm_3,7Networks,RH,Default_PFCdPFCm,3
545,7Networks_RH_Default_PFCdPFCm_4,7Networks,RH,Default_PFCdPFCm,4
546,7Networks_RH_Default_PFCdPFCm_5,7Networks,RH,Default_PFCdPFCm,5
547,7Networks_RH_Default_PFCdPFCm_6,7Networks,RH,Default_PFCdPFCm,6
548,7Networks_RH_Default_PFCdPFCm_7,7Networks,RH,Default_PFCdPFCm,7
549,7Networks_RH_Default_PFCdPFCm_8,7Networks,RH,Default_PFCdPFCm,8
550,7Networks_RH_Default_PFCdPFCm_9,7Networks,RH,Default_PFCdPFCm,9
551,7Networks_RH_Default_PFCdPFCm_10,7Networks,RH,Default_PFCdPFCm,10
552,7Networks_RH_Default_PFCdPFCm_11,7Networks,RH,Default_PFCdPFCm,11
553,7Networks_RH_Default_PFCdPFCm_12,7Networks,RH,Default_PFCdPFCm,12
554,7Networks_RH_Default_PFCdPFCm_13,7Networks,RH,Default_PFCdPFCm,13
555,7Networks_RH_Default_PFCdPFCm_14,7Networks,RH,Default_PFCdPFCm,14
556,7Networks_RH_Default_PFCdPFCm_15,7Networks,RH,Default_PFCdPFCm,15
557,7Networks_RH_Default_PFCdPFCm_16,7Networks,RH,Default_PFCdPFCm,16
558,7Networks_RH_Default_PFCdPFCm_17,7Networks,RH,Default_PFCdPFCm,17
559,7Networks_RH_Default_PFCdPFCm_18,7Networks,RH,Default_PFCdPFCm,18
560,7Networks_RH_Default_PFCdPFCm_19,7Networks,RH,Default_PFCdPFCm,19
561,7Networks_RH_Default_pCunPCC_1,7Networks,RH,Default_pCunPCC,1
562,7Networks_RH_Default_pCunPCC_2,7Networks,RH,Default_pCunPCC,2
563,7Networks_RH_Default_pCunPCC_3,7Networks,RH,Default_pCunPCC,3
564,7Networks_RH_Default_pCunPCC_4,7Networks,RH,Default_pCunPCC,4
565,7Networks_RH_Default_pCunPCC_5,7Networks,RH,Default_pCunPCC,5
566,7Networks_RH_Default_pCunPCC_6,7Networks,RH,Default_pCunPCC,6
567,7Networks_RH_Default_pCunPCC_7,7Networks,RH,Default_pCunPCC,7
568,7Networks_RH_Default_pCunPCC_8,7Networks,RH,Default_pCunPCC,8
569,7Networks_RH_Default_pCunPCC_9,7Networks,RH,Default_pCunPCC,9
570,7Networks_RH_Default_pCunPCC_10,7Networks,RH,Default_pCunPCC,10
571,7Networks_RH_Default_pCunPCC_11,7Networks,RH,Default_pCunPCC,11
572,7Networks_RH_Default_pCunPCC_12,7Networks,RH,Default_pCunPCC,12
573,7Networks_RH_Default_pCunPCC_13,7Networks,RH,Default_pCunPCC,13
574,7Networks_RH_Default_pCunPCC_14,7Networks,RH,Default_pCunPCC,14
